"software";"version";"cve";"file_name";"line_number"
"phpMyAdmin";"4.4.0";"CVE-2016-5734";"libraries/TableSearch.class.php";"1409"
"phpMyAdmin";"4.6.0";"CVE-2016-5734";"libraries/controllers/table/TableSearchController.php";"730"
"phpMyAdmin";"4.0.0";"CVE-2013-3238";"libraries/mult_submits.inc.php";"427"
"phpMyAdmin";"4.0.0";"CVE-2016-6620";"tbl_tracking.php";"316"
"phpMyAdmin";"4.4.0";"CVE-2016-5703";"libraries/central_columns.lib.php";"66"
"phpMyAdmin";"4.4.0";"CVE-2016-5703";"libraries/central_columns.lib.php";"69"
"phpMyAdmin";"4.4.0";"CVE-2016-5703";"libraries/central_columns.lib.php";"97"
"phpMyAdmin";"4.4.0";"CVE-2016-5703";"libraries/central_columns.lib.php";"128"
"phpMyAdmin";"4.4.0";"CVE-2016-5703";"libraries/central_columns.lib.php";"136"
"phpMyAdmin";"4.4.0";"CVE-2016-5703";"libraries/central_columns.lib.php";"382"
"phpMyAdmin";"4.4.0";"CVE-2016-5703";"libraries/central_columns.lib.php";"888"
"phpMyAdmin";"4.4.0";"CVE-2016-5703";"libraries/central_columns.lib.php";"900"
"phpMyAdmin";"4.4.0";"CVE-2016-6616";"libraries/server_user_groups.lib.php";"354"
"phpMyAdmin";"4.4.0";"CVE-2016-6616";"libraries/db_designer.lib.php";"93"
"phpMyAdmin";"4.6.0";"CVE-2016-6616";"libraries/plugins/export/ExportSql.php";"1115"
"phpMyAdmin";"4.6.0";"CVE-2016-6616";"libraries/plugins/schema/ExportRelationSchema.php";"56"
"phpMyAdmin";"4.4.0";"CVE-2016-6616";"libraries/pmd_common.php";"264"
"phpMyAdmin";"4.4.0";"CVE-2016-6616";"libraries/pmd_common.php";"293"
"phpMyAdmin";"4.4.0";"CVE-2016-6616";"libraries/pmd_common.php";"320"
"phpMyAdmin";"4.4.0";"CVE-2016-6616";"libraries/pmd_common.php";"328"
"phpMyAdmin";"4.4.0";"CVE-2016-6616";"libraries/pmd_common.php";"367"
"phpMyAdmin";"4.4.0";"CVE-2016-6616";"libraries/pmd_common.php";"409"
"phpMyAdmin";"4.0.0";"CVE-2016-6631";"libraries/plugins/transformations/generator_plugin.sh";"1"
"phpMyAdmin";"4.6.0";"CVE-2016-6606";"libraries/plugins/auth/AuthenticationCookie.php";"362"
"phpMyAdmin";"4.6.0";"CVE-2016-6606";"libraries/plugins/auth/AuthenticationCookie.php";"363"
"phpMyAdmin";"4.6.0";"CVE-2016-6606";"libraries/plugins/auth/AuthenticationCookie.php";"364"
"phpMyAdmin";"4.6.0";"CVE-2016-6606";"libraries/plugins/auth/AuthenticationCookie.php";"488"
"phpMyAdmin";"4.6.0";"CVE-2016-6606";"libraries/plugins/auth/AuthenticationCookie.php";"681"
"phpMyAdmin";"4.6.0";"CVE-2016-6606";"libraries/plugins/auth/AuthenticationCookie.php";"682"
"phpMyAdmin";"4.6.0";"CVE-2016-6606";"libraries/plugins/auth/AuthenticationCookie.php";"683"
"phpMyAdmin";"4.6.0";"CVE-2016-6606";"libraries/plugins/auth/AuthenticationCookie.php";"684"
"phpMyAdmin";"4.6.0";"CVE-2016-6606";"libraries/plugins/auth/AuthenticationCookie.php";"685"
"phpMyAdmin";"4.6.0";"CVE-2016-6606";"libraries/plugins/auth/AuthenticationCookie.php";"686"
"phpMyAdmin";"4.6.0";"CVE-2016-6606";"libraries/plugins/auth/AuthenticationCookie.php";"687"
"phpMyAdmin";"4.6.0";"CVE-2016-6606";"libraries/plugins/auth/AuthenticationCookie.php";"688"
"phpMyAdmin";"4.6.0";"CVE-2016-6606";"libraries/plugins/auth/AuthenticationCookie.php";"689"
"phpMyAdmin";"4.6.0";"CVE-2016-6606";"libraries/plugins/auth/AuthenticationCookie.php";"690"
"phpMyAdmin";"4.6.0";"CVE-2016-6606";"libraries/plugins/auth/AuthenticationCookie.php";"691"
"phpMyAdmin";"4.6.0";"CVE-2016-6606";"libraries/plugins/auth/AuthenticationCookie.php";"692"
"phpMyAdmin";"4.6.0";"CVE-2016-6606";"libraries/plugins/auth/AuthenticationCookie.php";"693"
"phpMyAdmin";"4.6.0";"CVE-2016-6606";"libraries/plugins/auth/AuthenticationCookie.php";"694"
"phpMyAdmin";"4.6.0";"CVE-2016-6606";"libraries/plugins/auth/AuthenticationCookie.php";"695"
"phpMyAdmin";"4.6.0";"CVE-2016-6606";"libraries/plugins/auth/AuthenticationCookie.php";"696"
"phpMyAdmin";"4.6.0";"CVE-2016-6606";"libraries/plugins/auth/AuthenticationCookie.php";"697"
"phpMyAdmin";"4.6.0";"CVE-2016-6606";"libraries/plugins/auth/AuthenticationCookie.php";"698"
"phpMyAdmin";"4.6.0";"CVE-2016-6606";"libraries/plugins/auth/AuthenticationCookie.php";"699"
"phpMyAdmin";"4.6.0";"CVE-2016-6606";"libraries/plugins/auth/AuthenticationCookie.php";"700"
"phpMyAdmin";"4.6.0";"CVE-2016-6606";"libraries/plugins/auth/AuthenticationCookie.php";"707"
"phpMyAdmin";"4.6.0";"CVE-2016-6606";"libraries/plugins/auth/AuthenticationCookie.php";"708"
"phpMyAdmin";"4.6.0";"CVE-2016-6606";"libraries/plugins/auth/AuthenticationCookie.php";"709"
"phpMyAdmin";"4.6.0";"CVE-2016-6606";"libraries/plugins/auth/AuthenticationCookie.php";"710"
"phpMyAdmin";"4.6.0";"CVE-2016-6606";"libraries/plugins/auth/AuthenticationCookie.php";"711"
"phpMyAdmin";"4.6.0";"CVE-2016-6606";"libraries/plugins/auth/AuthenticationCookie.php";"712"
"phpMyAdmin";"4.6.0";"CVE-2016-6606";"libraries/plugins/auth/AuthenticationCookie.php";"713"
"phpMyAdmin";"4.6.0";"CVE-2016-6606";"libraries/plugins/auth/AuthenticationCookie.php";"714"
"phpMyAdmin";"4.6.0";"CVE-2016-6606";"libraries/plugins/auth/AuthenticationCookie.php";"715"
"phpMyAdmin";"4.6.0";"CVE-2016-6606";"libraries/plugins/auth/AuthenticationCookie.php";"716"
"phpMyAdmin";"4.6.0";"CVE-2016-6606";"libraries/plugins/auth/AuthenticationCookie.php";"717"
"phpMyAdmin";"4.6.0";"CVE-2016-6606";"libraries/plugins/auth/AuthenticationCookie.php";"718"
"phpMyAdmin";"4.6.0";"CVE-2016-6606";"libraries/plugins/auth/AuthenticationCookie.php";"719"
"phpMyAdmin";"4.6.0";"CVE-2016-6606";"libraries/plugins/auth/AuthenticationCookie.php";"720"
"phpMyAdmin";"4.6.0";"CVE-2016-6606";"libraries/plugins/auth/AuthenticationCookie.php";"721"
"phpMyAdmin";"4.6.0";"CVE-2016-6606";"libraries/plugins/auth/AuthenticationCookie.php";"722"
"phpMyAdmin";"4.6.0";"CVE-2016-6606";"libraries/plugins/auth/AuthenticationCookie.php";"723"
"phpMyAdmin";"4.6.0";"CVE-2016-6606";"libraries/plugins/auth/AuthenticationCookie.php";"724"
"phpMyAdmin";"4.6.0";"CVE-2016-6606";"libraries/plugins/auth/AuthenticationCookie.php";"725"
"phpMyAdmin";"4.6.0";"CVE-2016-6606";"libraries/plugins/auth/AuthenticationCookie.php";"726"
"phpMyAdmin";"4.6.0";"CVE-2016-6606";"libraries/plugins/auth/AuthenticationCookie.php";"727"
"phpMyAdmin";"4.6.0";"CVE-2016-6606";"libraries/plugins/auth/AuthenticationCookie.php";"728"
"phpMyAdmin";"4.6.0";"CVE-2016-6606";"libraries/plugins/auth/AuthenticationCookie.php";"729"
"phpMyAdmin";"4.6.0";"CVE-2016-6606";"libraries/plugins/auth/AuthenticationCookie.php";"730"
"phpMyAdmin";"4.6.0";"CVE-2016-6606";"libraries/plugins/auth/AuthenticationCookie.php";"731"
"phpMyAdmin";"4.6.0";"CVE-2016-6606";"libraries/plugins/auth/AuthenticationCookie.php";"732"
"phpMyAdmin";"4.6.0";"CVE-2016-6606";"libraries/plugins/auth/AuthenticationCookie.php";"733"
"phpMyAdmin";"4.6.0";"CVE-2016-6606";"libraries/plugins/auth/AuthenticationCookie.php";"757"
"phpMyAdmin";"4.6.0";"CVE-2016-6606";"libraries/plugins/auth/AuthenticationCookie.php";"758"
"phpMyAdmin";"4.6.0";"CVE-2016-6606";"libraries/plugins/auth/AuthenticationCookie.php";"759"
"phpMyAdmin";"4.6.0";"CVE-2016-6606";"libraries/plugins/auth/AuthenticationCookie.php";"760"
"phpMyAdmin";"4.6.0";"CVE-2016-6606";"libraries/plugins/auth/AuthenticationCookie.php";"761"
"phpMyAdmin";"4.6.0";"CVE-2016-6606";"libraries/plugins/auth/AuthenticationCookie.php";"762"
"phpMyAdmin";"4.6.0";"CVE-2016-6606";"libraries/plugins/auth/AuthenticationCookie.php";"763"
"phpMyAdmin";"4.6.0";"CVE-2016-6606";"libraries/plugins/auth/AuthenticationCookie.php";"764"
"phpMyAdmin";"4.6.0";"CVE-2016-6606";"libraries/plugins/auth/AuthenticationCookie.php";"765"
"phpMyAdmin";"4.6.0";"CVE-2016-6606";"libraries/plugins/auth/AuthenticationCookie.php";"766"
"phpMyAdmin";"4.6.0";"CVE-2016-6606";"libraries/plugins/auth/AuthenticationCookie.php";"767"
"phpMyAdmin";"4.6.0";"CVE-2016-6606";"libraries/plugins/auth/AuthenticationCookie.php";"768"
"phpMyAdmin";"4.6.0";"CVE-2016-6606";"libraries/plugins/auth/AuthenticationCookie.php";"769"
"phpMyAdmin";"4.6.0";"CVE-2016-6606";"libraries/plugins/auth/AuthenticationCookie.php";"770"
"phpMyAdmin";"4.6.0";"CVE-2016-6606";"libraries/plugins/auth/AuthenticationCookie.php";"771"
"phpMyAdmin";"4.6.0";"CVE-2016-6606";"libraries/plugins/auth/AuthenticationCookie.php";"772"
"phpMyAdmin";"4.6.0";"CVE-2016-9849";"libraries/plugins/auth/AuthenticationCookie.php";"366"
"phpMyAdmin";"4.6.0";"CVE-2016-9849";"libraries/plugins/auth/AuthenticationHttp.php";"183"
"phpMyAdmin";"4.6.0";"CVE-2016-6617";"libraries/display_export.lib.php";"253"
"phpMyAdmin";"4.0.0";"CVE-2016-6628";"file_echo.php";"15"
"phpMyAdmin";"4.0.0";"CVE-2016-6628";"file_echo.php";"16"
"phpMyAdmin";"4.0.0";"CVE-2016-6628";"file_echo.php";"17"
"phpMyAdmin";"4.0.0";"CVE-2016-6628";"file_echo.php";"18"
"phpMyAdmin";"4.0.0";"CVE-2016-6628";"file_echo.php";"19"
"phpMyAdmin";"4.0.0";"CVE-2016-6628";"file_echo.php";"20"
"phpMyAdmin";"4.0.0";"CVE-2016-6628";"file_echo.php";"21"
"phpMyAdmin";"4.0.0";"CVE-2016-6628";"file_echo.php";"22"
"phpMyAdmin";"4.0.0";"CVE-2016-6628";"file_echo.php";"23"
"phpMyAdmin";"4.0.0";"CVE-2016-6628";"file_echo.php";"24"
"phpMyAdmin";"4.0.0";"CVE-2016-6628";"file_echo.php";"25"
"phpMyAdmin";"4.0.0";"CVE-2016-6628";"file_echo.php";"26"
"phpMyAdmin";"4.0.0";"CVE-2016-6628";"file_echo.php";"27"
"phpMyAdmin";"4.0.0";"CVE-2016-6628";"file_echo.php";"28"
"phpMyAdmin";"4.0.0";"CVE-2016-6628";"file_echo.php";"29"
"phpMyAdmin";"4.0.0";"CVE-2016-6628";"file_echo.php";"30"
"phpMyAdmin";"4.0.0";"CVE-2016-6628";"file_echo.php";"31"
"phpMyAdmin";"4.0.0";"CVE-2016-6628";"file_echo.php";"32"
"phpMyAdmin";"4.0.0";"CVE-2016-6628";"file_echo.php";"33"
"phpMyAdmin";"4.0.0";"CVE-2016-6628";"file_echo.php";"34"
"phpMyAdmin";"4.0.0";"CVE-2016-6628";"file_echo.php";"35"
"phpMyAdmin";"4.0.0";"CVE-2016-6628";"file_echo.php";"36"
"phpMyAdmin";"4.0.0";"CVE-2016-6628";"file_echo.php";"37"
"phpMyAdmin";"4.0.0";"CVE-2016-6628";"file_echo.php";"38"
"phpMyAdmin";"4.0.0";"CVE-2016-6628";"file_echo.php";"39"
"phpMyAdmin";"4.0.0";"CVE-2016-6628";"file_echo.php";"40"
"phpMyAdmin";"4.0.0";"CVE-2016-6628";"file_echo.php";"41"
"phpMyAdmin";"4.0.0";"CVE-2016-6628";"file_echo.php";"42"
"phpMyAdmin";"4.0.0";"CVE-2016-6628";"file_echo.php";"43"
"phpMyAdmin";"4.0.0";"CVE-2016-6628";"file_echo.php";"44"
"phpMyAdmin";"4.0.0";"CVE-2016-6628";"file_echo.php";"45"
"phpMyAdmin";"4.0.0";"CVE-2016-6628";"file_echo.php";"46"
"phpMyAdmin";"4.0.0";"CVE-2016-6628";"file_echo.php";"47"
"phpMyAdmin";"4.0.0";"CVE-2016-6628";"file_echo.php";"48"
"phpMyAdmin";"4.0.0";"CVE-2016-6628";"file_echo.php";"49"
"phpMyAdmin";"4.0.0";"CVE-2016-6628";"file_echo.php";"50"
"phpMyAdmin";"4.0.0";"CVE-2016-6628";"file_echo.php";"51"
"phpMyAdmin";"4.0.0";"CVE-2016-6628";"file_echo.php";"52"
"phpMyAdmin";"4.0.0";"CVE-2016-6628";"file_echo.php";"53"
"phpMyAdmin";"4.0.0";"CVE-2016-6628";"file_echo.php";"54"
"phpMyAdmin";"4.0.0";"CVE-2016-6628";"file_echo.php";"55"
"phpMyAdmin";"4.0.0";"CVE-2016-6628";"file_echo.php";"56"
"phpMyAdmin";"4.0.0";"CVE-2016-6628";"file_echo.php";"57"
"phpMyAdmin";"4.0.0";"CVE-2016-6628";"file_echo.php";"58"
"phpMyAdmin";"4.0.0";"CVE-2016-6628";"file_echo.php";"59"
"phpMyAdmin";"4.0.0";"CVE-2016-6628";"file_echo.php";"60"
"phpMyAdmin";"4.0.0";"CVE-2016-6628";"file_echo.php";"61"
"phpMyAdmin";"4.0.0";"CVE-2016-6628";"file_echo.php";"62"
"phpMyAdmin";"4.0.0";"CVE-2016-6628";"file_echo.php";"63"
"phpMyAdmin";"4.0.0";"CVE-2016-6633";"libraries/plugins/import/ImportShp.class.php";"97"
"phpMyAdmin";"4.0.0";"CVE-2016-6633";"libraries/plugins/import/ImportShp.class.php";"98"
"phpMyAdmin";"4.0.0";"CVE-2016-6633";"libraries/plugins/import/ImportShp.class.php";"99"
"phpMyAdmin";"4.0.0";"CVE-2016-6633";"libraries/plugins/import/ImportShp.class.php";"100"
"phpMyAdmin";"4.0.0";"CVE-2016-6633";"libraries/plugins/import/ImportShp.class.php";"101"
"phpMyAdmin";"4.0.0";"CVE-2016-6633";"libraries/plugins/import/ImportShp.class.php";"102"
"phpMyAdmin";"4.0.0";"CVE-2016-6633";"libraries/plugins/import/ImportShp.class.php";"103"
"phpMyAdmin";"4.0.0";"CVE-2016-6633";"libraries/plugins/import/ImportShp.class.php";"104"
"phpMyAdmin";"4.0.0";"CVE-2016-6633";"libraries/plugins/import/ImportShp.class.php";"105"
"phpMyAdmin";"4.0.0";"CVE-2016-6633";"libraries/plugins/import/ImportShp.class.php";"106"
"phpMyAdmin";"4.0.0";"CVE-2016-6633";"libraries/plugins/import/ImportShp.class.php";"107"
"phpMyAdmin";"4.0.0";"CVE-2016-6633";"libraries/plugins/import/ImportShp.class.php";"108"
"phpMyAdmin";"4.0.0";"CVE-2016-6633";"libraries/plugins/import/ImportShp.class.php";"109"
"phpMyAdmin";"4.0.0";"CVE-2016-6633";"libraries/plugins/import/ImportShp.class.php";"110"
"phpMyAdmin";"4.0.0";"CVE-2016-6633";"libraries/plugins/import/ImportShp.class.php";"111"
"phpMyAdmin";"4.0.0";"CVE-2016-6633";"libraries/plugins/import/ImportShp.class.php";"112"
"phpMyAdmin";"4.0.0";"CVE-2016-6633";"libraries/plugins/import/ImportShp.class.php";"113"
"phpMyAdmin";"4.0.0";"CVE-2016-6633";"libraries/zip_extension.lib.php";"152"
"phpMyAdmin";"4.0.0";"CVE-2016-6633";"libraries/zip_extension.lib.php";"153"
"phpMyAdmin";"4.0.0";"CVE-2016-6633";"libraries/zip_extension.lib.php";"154"
"phpMyAdmin";"4.0.0";"CVE-2016-6633";"libraries/zip_extension.lib.php";"155"
"phpMyAdmin";"4.0.0";"CVE-2016-6633";"libraries/zip_extension.lib.php";"156"
"phpMyAdmin";"4.0.0";"CVE-2016-6633";"libraries/zip_extension.lib.php";"157"
"phpMyAdmin";"4.0.0";"CVE-2016-6633";"libraries/zip_extension.lib.php";"158"
"phpMyAdmin";"4.0.0";"CVE-2016-6633";"libraries/zip_extension.lib.php";"159"
"phpMyAdmin";"4.0.0";"CVE-2016-6633";"libraries/zip_extension.lib.php";"160"
"phpMyAdmin";"4.0.0";"CVE-2016-6633";"libraries/zip_extension.lib.php";"161"
"phpMyAdmin";"4.0.0";"CVE-2016-9866";"prefs_manage.php";"176"
"phpMyAdmin";"4.0.0";"CVE-2016-6609";"libraries/plugins/export/ExportPhparray.class.php";"109"
"phpMyAdmin";"4.0.0";"CVE-2016-6609";"libraries/plugins/export/ExportPhparray.class.php";"110"
"phpMyAdmin";"4.0.0";"CVE-2016-6609";"libraries/plugins/export/ExportPhparray.class.php";"111"
"phpMyAdmin";"4.0.0";"CVE-2016-6609";"libraries/plugins/export/ExportPhparray.class.php";"112"
"phpMyAdmin";"4.0.0";"CVE-2016-6609";"libraries/plugins/export/ExportPhparray.class.php";"113"
"phpMyAdmin";"4.0.0";"CVE-2016-6609";"libraries/plugins/export/ExportPhparray.class.php";"210"
"phpMyAdmin";"4.0.0";"CVE-2016-6609";"libraries/plugins/export/ExportPhparray.class.php";"211"
"phpMyAdmin";"4.0.0";"CVE-2016-6609";"libraries/plugins/export/ExportPhparray.class.php";"212"
"phpMyAdmin";"4.6.0";"CVE-2016-6619";"libraries/RecentFavoriteTable.php";"97"
"phpMyAdmin";"4.6.0";"CVE-2016-6619";"libraries/RecentFavoriteTable.php";"98"
"phpMyAdmin";"4.6.0";"CVE-2016-6619";"libraries/RecentFavoriteTable.php";"99"
"phpMyAdmin";"4.6.0";"CVE-2016-6619";"libraries/RecentFavoriteTable.php";"120"
"phpMyAdmin";"4.6.0";"CVE-2016-6619";"libraries/RecentFavoriteTable.php";"121"
"phpMyAdmin";"4.6.0";"CVE-2016-6619";"libraries/RecentFavoriteTable.php";"121"
"phpMyAdmin";"4.6.0";"CVE-2016-6619";"libraries/RecentFavoriteTable.php";"122"
"phpMyAdmin";"4.6.0";"CVE-2016-6619";"libraries/RecentFavoriteTable.php";"123"
"phpMyAdmin";"4.6.0";"CVE-2016-6619";"libraries/RecentFavoriteTable.php";"124"
"phpMyAdmin";"4.6.0";"CVE-2016-6619";"libraries/RecentFavoriteTable.php";"125"
"phpMyAdmin";"4.0.0";"CVE-2016-6619";"libraries/Table.class.php";"1496"
"phpMyAdmin";"4.0.0";"CVE-2016-6619";"libraries/Table.class.php";"1497"
"phpMyAdmin";"4.0.0";"CVE-2016-6619";"libraries/Table.class.php";"1498"
"phpMyAdmin";"4.0.0";"CVE-2016-6619";"libraries/Table.class.php";"1499"
"phpMyAdmin";"4.0.0";"CVE-2016-6619";"libraries/Table.class.php";"1523"
"phpMyAdmin";"4.0.0";"CVE-2016-6619";"libraries/Table.class.php";"1524"
"phpMyAdmin";"4.0.0";"CVE-2016-6619";"libraries/Table.class.php";"1525"
"phpMyAdmin";"4.0.0";"CVE-2016-6619";"libraries/Table.class.php";"1526"
"phpMyAdmin";"4.0.0";"CVE-2016-6619";"libraries/Table.class.php";"1527"
"phpMyAdmin";"4.6.0";"CVE-2016-5703";"libraries/central_columns.lib.php";"999969"
"phpMyAdmin";"4.6.0";"CVE-2016-9849";"libraries/plugins/auth/AuthenticationCookie.php";"8"
"phpMyAdmin";"4.6.0";"CVE-2016-5734";"libraries/controllers/table/TableSearchController.php";"730"
"phpMyAdmin";"4.6.0";"CVE-2016-5734";"libraries/controllers/table/TableSearchController.php";"731"
"phpMyAdmin";"4.6.0";"CVE-2016-5734";"libraries/controllers/table/TableSearchController.php";"732"
"phpMyAdmin";"4.6.0";"CVE-2016-5734";"libraries/controllers/table/TableSearchController.php";"733"
"phpMyAdmin";"4.6.0";"CVE-2016-5734";"libraries/controllers/table/TableSearchController.php";"734"
"phpMyAdmin";"4.4.0";"CVE-2016-5734";"libraries/TableSearch.class.php";"1410"
"phpMyAdmin";"4.4.0";"CVE-2016-5734";"libraries/TableSearch.class.php";"1411"
"phpMyAdmin";"4.4.0";"CVE-2016-5734";"libraries/TableSearch.class.php";"1412"
"phpMyAdmin";"4.4.0";"CVE-2016-5734";"libraries/TableSearch.class.php";"1413"
"phpMyAdmin";"4.4.0";"CVE-2017-1000017";"libraries/replication_gui.lib.php";"915"
"phpMyAdmin";"4.0.0";"CVE-2014-8959";"libraries/gis/pma_gis_factory.php";"37"
"phpMyAdmin";"4.0.0";"CVE-2013-3240";"libraries/plugin_interface.lib.php";"33"
"phpMyAdmin";"4.7.0";"CVE-2017-1000499";"libraries/navigation/nodes/NodeViewContainer.php";"29"
"phpMyAdmin";"4.7.0";"CVE-2017-1000499";"libraries/navigation/nodes/NodeViewContainer.php";"31"
"phpMyAdmin";"4.7.0";"CVE-2017-1000499";"libraries/navigation/nodes/NodeViewContainer.php";"45"
"phpMyAdmin";"4.7.0";"CVE-2017-1000499";"libraries/navigation/nodes/NodeViewContainer.php";"47"
"phpMyAdmin";"4.7.0";"CVE-2017-1000499";"libraries/navigation/nodes/NodeView.php";"33"
"phpMyAdmin";"4.7.0";"CVE-2017-1000499";"libraries/navigation/nodes/NodeTriggerContainer.php";"29"
"phpMyAdmin";"4.7.0";"CVE-2017-1000499";"libraries/navigation/nodes/NodeTriggerContainer.php";"31"
"phpMyAdmin";"4.7.0";"CVE-2017-1000499";"libraries/navigation/nodes/NodeTriggerContainer.php";"43"
"phpMyAdmin";"4.7.0";"CVE-2017-1000499";"libraries/navigation/nodes/NodeTriggerContainer.php";"45"
"phpMyAdmin";"4.7.0";"CVE-2017-1000499";"libraries/navigation/nodes/NodeTrigger.php";"33"
"phpMyAdmin";"4.7.0";"CVE-2017-1000499";"libraries/navigation/nodes/NodeTrigger.php";"35"
"phpMyAdmin";"4.7.0";"CVE-2017-1000499";"libraries/navigation/nodes/NodeTableContainer.php";"29"
"phpMyAdmin";"4.7.0";"CVE-2017-1000499";"libraries/navigation/nodes/NodeTableContainer.php";"31"
"phpMyAdmin";"4.7.0";"CVE-2017-1000499";"libraries/navigation/nodes/NodeTableContainer.php";"45"
"phpMyAdmin";"4.7.0";"CVE-2017-1000499";"libraries/navigation/nodes/NodeTableContainer.php";"47"
"phpMyAdmin";"4.7.0";"CVE-2017-1000499";"libraries/navigation/nodes/NodeTable.php";"56"
"phpMyAdmin";"4.7.0";"CVE-2017-1000499";"libraries/navigation/nodes/NodeTable.php";"63"
"phpMyAdmin";"4.7.0";"CVE-2017-1000499";"libraries/navigation/nodes/NodeTable.php";"69"
"phpMyAdmin";"4.7.0";"CVE-2017-1000499";"libraries/navigation/nodes/NodeProcedureContainer.php";"32"
"phpMyAdmin";"4.7.0";"CVE-2017-1000499";"libraries/navigation/nodes/NodeProcedureContainer.php";"34"
"phpMyAdmin";"4.7.0";"CVE-2017-1000499";"libraries/navigation/nodes/NodeProcedureContainer.php";"47"
"phpMyAdmin";"4.7.0";"CVE-2017-1000499";"libraries/navigation/nodes/NodeProcedureContainer.php";"49"
"phpMyAdmin";"4.7.0";"CVE-2017-1000499";"libraries/navigation/nodes/NodeProcedure.php";"37"
"phpMyAdmin";"4.7.0";"CVE-2017-1000499";"libraries/navigation/nodes/NodeProcedure.php";"40"
"phpMyAdmin";"4.7.0";"CVE-2017-1000499";"libraries/navigation/nodes/NodeIndexContainer.php";"29"
"phpMyAdmin";"4.7.0";"CVE-2017-1000499";"libraries/navigation/nodes/NodeIndexContainer.php";"31"
"phpMyAdmin";"4.7.0";"CVE-2017-1000499";"libraries/navigation/nodes/NodeIndexContainer.php";"45"
"phpMyAdmin";"4.7.0";"CVE-2017-1000499";"libraries/navigation/nodes/NodeIndexContainer.php";"48"
"phpMyAdmin";"4.7.0";"CVE-2017-1000499";"libraries/navigation/nodes/NodeIndex.php";"33"
"phpMyAdmin";"4.7.0";"CVE-2017-1000499";"libraries/navigation/nodes/NodeIndex.php";"35"
"phpMyAdmin";"4.7.0";"CVE-2017-1000499";"libraries/navigation/nodes/NodeFunctionContainer.php";"32"
"phpMyAdmin";"4.7.0";"CVE-2017-1000499";"libraries/navigation/nodes/NodeFunctionContainer.php";"34"
"phpMyAdmin";"4.7.0";"CVE-2017-1000499";"libraries/navigation/nodes/NodeFunctionContainer.php";"37"
"phpMyAdmin";"4.7.0";"CVE-2017-1000499";"libraries/navigation/nodes/NodeFunctionContainer.php";"49"
"phpMyAdmin";"4.7.0";"CVE-2017-1000499";"libraries/navigation/nodes/NodeFunction.php";"34"
"phpMyAdmin";"4.7.0";"CVE-2017-1000499";"libraries/navigation/nodes/NodeFunction.php";"37"
"phpMyAdmin";"4.7.0";"CVE-2017-1000499";"libraries/navigation/nodes/NodeEventContainer.php";"29"
"phpMyAdmin";"4.7.0";"CVE-2017-1000499";"libraries/navigation/nodes/NodeEventContainer.php";"31"
"phpMyAdmin";"4.7.0";"CVE-2017-1000499";"libraries/navigation/nodes/NodeEventContainer.php";"43"
"phpMyAdmin";"4.7.0";"CVE-2017-1000499";"libraries/navigation/nodes/NodeEventContainer.php";"45"
"phpMyAdmin";"4.7.0";"CVE-2017-1000499";"libraries/navigation/nodes/NodeEvent.php";"33"
"phpMyAdmin";"4.7.0";"CVE-2017-1000499";"libraries/navigation/nodes/NodeEvent.php";"35"
"phpMyAdmin";"4.7.0";"CVE-2017-1000499";"libraries/navigation/nodes/NodeDatabase.php";"50"
"phpMyAdmin";"4.7.0";"CVE-2017-1000499";"libraries/navigation/nodes/NodeDatabase.php";"52"
"phpMyAdmin";"4.7.0";"CVE-2017-1000499";"libraries/navigation/nodes/NodeColumnContainer.php";"30"
"phpMyAdmin";"4.7.0";"CVE-2017-1000499";"libraries/navigation/nodes/NodeColumnContainer.php";"32"
"phpMyAdmin";"4.7.0";"CVE-2017-1000499";"libraries/navigation/nodes/NodeColumnContainer.php";"46"
"phpMyAdmin";"4.7.0";"CVE-2017-1000499";"libraries/navigation/nodes/NodeColumnContainer.php";"49"
"phpMyAdmin";"4.7.0";"CVE-2017-1000499";"libraries/navigation/nodes/NodeColumn.php";"34"
"phpMyAdmin";"4.7.0";"CVE-2017-1000499";"libraries/navigation/nodes/NodeColumn.php";"37"
"phpMyAdmin";"4.7.0";"CVE-2017-1000499";"libraries/common.inc.php";"375"
"phpMyAdmin";"4.7.0";"CVE-2017-1000499";"libraries/common.inc.php";"386"
"phpMyAdmin";"4.7.0";"CVE-2017-1000499";"libraries/common.inc.php";"387"
"phpMyAdmin";"4.0.0";"CVE-2016-6633";"libraries/plugins/import/ImportShp.class.php";"79"
"MediaWiki";"1.28.0";"CVE-2017-8809";"api.php";"43"
"MediaWiki";"1.28.0";"CVE-2017-8809";"api.php";"44"
"MediaWiki";"1.28.0";"CVE-2017-8809";"api.php";"45"
"MediaWiki";"1.28.0";"CVE-2017-8809";"api.php";"48"
"MediaWiki";"1.28.0";"CVE-2017-8809";"includes/api/ApiFormatBase.php";"155"
"MediaWiki";"1.28.0";"CVE-2017-8809";"includes/Feed.php";"229"
"MediaWiki";"1.24.0";"CVE-2015-6728";"includes/api/ApiBase.php";"1077"
"MediaWiki";"1.21.1";"CVE-2014-9277";"includes/OutputHandler.php";"31"
"MediaWiki";"1.21.1";"CVE-2014-9277";"includes/OutputHandler.php";"32"
"MediaWiki";"1.21.1";"CVE-2014-9277";"includes/api/ApiFormatPhp.php";"38"
"MediaWiki";"1.21.1";"CVE-2014-9277";"includes/api/ApiFormatJson.php";"67"
"MediaWiki";"1.21.1";"CVE-2014-9277";"includes/api/ApiFormatJson.php";"69"
"MediaWiki";"1.21.1";"CVE-2013-6453";"includes/upload/UploadBase.php";"1152"
"MediaWiki";"1.24.0";"CVE-2015-2937";"includes/media/XMP.php";"308"
"MediaWiki";"1.24.0";"CVE-2015-2936";"includes/User.php";"801"
"MediaWiki";"1.24.0";"CVE-2015-2936";"includes/User.php";"2303"
"MediaWiki";"1.24.0";"CVE-2015-2936";"includes/specials/SpecialUserlogin.php";"542"
"MediaWiki";"1.28.0";"CVE-2017-0362";"includes/specials/SpecialWatchlist.php";"78"
"MediaWiki";"1.28.0";"CVE-2017-0362";"includes/specials/SpecialWatchlist.php";"80"
"MediaWiki";"1.24.0";"CVE-2015-8624";"includes/user/User.php";"3923"
"MediaWiki";"1.24.0";"CVE-2015-8623";"includes/user/User.php";"3923"
"MediaWiki";"1.24.0";"CVE-2015-8003";"includes/api/ApiUpload.php";"143"
"MediaWiki";"1.24.0";"CVE-2015-8003";"includes/specials/SpecialUpload.php";"455"
"MediaWiki";"1.24.0";"CVE-2015-8002";"includes/api/ApiUpload.php";"204"
"MediaWiki";"1.24.0";"CVE-2015-8002";"includes/api/ApiUpload.php";"213"
"MediaWiki";"1.24.0";"CVE-2015-8002";"includes/api/ApiUpload.php";"224"
"MediaWiki";"1.24.0";"CVE-2015-8002";"includes/api/ApiUpload.php";"372"
"MediaWiki";"1.21.1";"CVE-2014-5241";"includes/api/ApiFormatJson.php";"64"
"MediaWiki";"1.19.1";"CVE-2013-2114";"includes/api/ApiUpload.php ";"178"
"MediaWiki";"1.19.1";"CVE-2013-2114";"includes/upload/UploadBase.php";"315"
"MediaWiki";"1.19.1";"CVE-2013-2114";"includes/upload/UploadBase.php";"316"
"MediaWiki";"1.19.1";"CVE-2013-2114";"includes/upload/UploadBase.php";"317"
"MediaWiki";"1.19.1";"CVE-2013-2114";"includes/upload/UploadBase.php";"393"
"MediaWiki";"1.19.1";"CVE-2013-2114";"includes/upload/UploadBase.php";"394"
"MediaWiki";"1.19.1";"CVE-2013-2114";"includes/upload/UploadBase.php";"395"
"MediaWiki";"1.19.1";"CVE-2013-2114";"includes/upload/UploadBase.php";"396"
"MediaWiki";"1.19.1";"CVE-2013-2114";"includes/upload/UploadBase.php";"397"
"MediaWiki";"1.19.1";"CVE-2013-2114";"includes/upload/UploadBase.php";"398"
"MediaWiki";"1.19.1";"CVE-2013-2114";"includes/upload/UploadBase.php";"399"
"MediaWiki";"1.19.1";"CVE-2013-2114";"includes/upload/UploadBase.php";"400"
"MediaWiki";"1.19.1";"CVE-2013-2114";"includes/upload/UploadBase.php";"401"
"MediaWiki";"1.19.1";"CVE-2013-2114";"includes/upload/UploadBase.php";"402"
"MediaWiki";"1.19.1";"CVE-2013-2114";"includes/upload/UploadBase.php";"403"
"MediaWiki";"1.19.1";"CVE-2013-2114";"includes/upload/UploadBase.php";"404"
"MediaWiki";"1.19.1";"CVE-2013-2114";"includes/upload/UploadBase.php";"405"
"MediaWiki";"1.19.1";"CVE-2013-2114";"includes/upload/UploadBase.php";"406"
"MediaWiki";"1.19.1";"CVE-2013-2114";"includes/upload/UploadBase.php";"407"
"MediaWiki";"1.19.1";"CVE-2013-2114";"includes/upload/UploadFromChunks.php";"48"
"MediaWiki";"1.19.1";"CVE-2013-2114";"includes/upload/UploadFromChunks.php";"110"
"MediaWiki";"1.19.1";"CVE-2013-2114";"includes/upload/UploadFromChunks.php";"160"
"MediaWiki";"1.19.1";"CVE-2013-2114";"includes/upload/UploadFromStash.php";"118"
"MediaWiki";"1.19.1";"CVE-2013-2114";"includes/upload/UploadStash.php";"415"
"MediaWiki";"1.28.0";"CVE-2017-0367";"includes/cache/localisation/LocalisationCache.php";"216"
"MediaWiki";"1.28.0";"CVE-2017-0367";"includes/cache/localisation/LocalisationCache.php";"217"
"MediaWiki";"1.28.0";"CVE-2017-0367";"includes/cache/localisation/LocalisationCache.php";"218"
"MediaWiki";"1.28.0";"CVE-2017-0367";"includes/cache/localisation/LocalisationCache.php";"219"
"MediaWiki";"1.21.1";"CVE-2014-1610";"includes/media/Bitmap.php";"277"
"MediaWiki";"1.21.1";"CVE-2014-1610";"includes/media/Bitmap.php";"282"
"MediaWiki";"1.21.1";"CVE-2014-1610";"includes/media/Bitmap.php";"286"
"MediaWiki";"1.21.1";"CVE-2014-1610";"includes/media/Bitmap.php";"290"
"MediaWiki";"1.21.1";"CVE-2014-1610";"includes/media/Bitmap.php";"300"
"MediaWiki";"1.21.1";"CVE-2014-1610";"includes/media/Bitmap.php";"304"
"MediaWiki";"1.21.1";"CVE-2014-1610";"includes/media/Bitmap.php";"308"
"MediaWiki";"1.21.1";"CVE-2014-1610";"includes/media/Bitmap.php";"320"
"MediaWiki";"1.21.1";"CVE-2014-1610";"includes/media/Bitmap.php";"321"
"MediaWiki";"1.21.1";"CVE-2014-1610";"includes/media/Bitmap.php";"324"
"MediaWiki";"1.21.1";"CVE-2014-1610";"includes/media/Bitmap.php";"325"
"MediaWiki";"1.21.1";"CVE-2014-1610";"includes/media/Bitmap.php";"326"
"MediaWiki";"1.21.1";"CVE-2014-1610";"includes/media/Bitmap.php";"327"
"MediaWiki";"1.21.1";"CVE-2014-1610";"includes/media/Bitmap.php";"331"
"MediaWiki";"1.21.1";"CVE-2014-1610";"includes/media/Bitmap.php";"334"
"MediaWiki";"1.21.1";"CVE-2014-1610";"includes/media/Bitmap.php";"335"
"MediaWiki";"1.21.1";"CVE-2014-1610";"includes/media/Bitmap.php";"336"
"MediaWiki";"1.21.1";"CVE-2014-1610";"includes/media/Bitmap.php";"337"
"MediaWiki";"1.21.1";"CVE-2014-1610";"includes/media/Bitmap.php";"449"
"MediaWiki";"1.21.1";"CVE-2014-1610";"includes/media/Bitmap.php";"450"
"MediaWiki";"1.21.1";"CVE-2014-1610";"includes/media/DjVu.php";"150"
"MediaWiki";"1.21.1";"CVE-2014-1610";"includes/media/DjVu.php";"151"
"MediaWiki";"1.21.1";"CVE-2014-1610";"includes/media/DjVu.php";"152"
"MediaWiki";"1.21.1";"CVE-2014-1610";"includes/media/ImageHandler.php";"96"
"MediaWiki";"1.28.0";"CVE-2017-0364";"includes/OutputPage.php";"2657"
"MediaWiki";"1.28.0";"CVE-2017-0364";"includes/specials/SpecialChangeCredentials.php";"239"
"MediaWiki";"1.28.0";"CVE-2017-0364";"includes/specials/SpecialChangeEmail.php";"139"
"MediaWiki";"1.28.0";"CVE-2017-0364";"includes/specials/SpecialPageLanguage.php";"144"
"MediaWiki";"1.28.0";"CVE-2017-0364";"includes/specials/SpecialPreferences.php";"151"
"MediaWiki";"1.28.0";"CVE-2017-0364";"includes/specials/SpecialSearch.php";"231"
"MediaWiki";"1.28.0";"CVE-2017-0364";"includes/specials/helpers/LoginHelper.php";"92"
"MediaWiki";"1.28.0";"CVE-2017-0364";"includes/specialpage/RedirectSpecialPage.php";"44"
"MediaWiki";"1.28.0";"CVE-2017-0363";"includes/OutputPage.php";"2657"
"MediaWiki";"1.28.0";"CVE-2017-0363";"includes/specials/SpecialChangeCredentials.php";"239"
"MediaWiki";"1.28.0";"CVE-2017-0363";"includes/specials/SpecialChangeEmail.php";"139"
"MediaWiki";"1.28.0";"CVE-2017-0363";"includes/specials/SpecialPageLanguage.php";"144"
"MediaWiki";"1.28.0";"CVE-2017-0363";"includes/specials/SpecialPreferences.php";"151"
"MediaWiki";"1.28.0";"CVE-2017-0363";"includes/specials/SpecialSearch.php";"231"
"MediaWiki";"1.28.0";"CVE-2017-0363";"includes/specials/helpers/LoginHelper.php";"92"
"MediaWiki";"1.28.0";"CVE-2017-0363";"includes/specialpage/RedirectSpecialPage.php";"44"
"MediaWiki";"1.21.1";"CVE-2014-2243";"includes/User.php";"987"
"MediaWiki";"1.23.0";"CVE-2014-9276";"includes/specials/SpecialExpandTemplates.php";"194"
"MediaWiki";"1.23.0";"CVE-2014-9276";"includes/specials/SpecialExpandTemplates.php";"22"
"MediaWiki";"1.24.0";"CVE-2017-0370";"includes/parser/Parser.php";"1405"
"MediaWiki";"1.24.0";"CVE-2017-0370";"includes/parser/Parser.php";"1406"
"MediaWiki";"1.24.0";"CVE-2017-0370";"includes/parser/Parser.php";"1713"
"MediaWiki";"1.24.0";"CVE-2017-0370";"includes/parser/Parser.php";"1714"
"MediaWiki";"1.24.0";"CVE-2017-0370";"includes/parser/Parser.php";"5383"
"MediaWiki";"1.24.0";"CVE-2017-0370";"includes/parser/ParserOutput.php";"315"
"MediaWiki";"1.28.0";"CVE-2017-0368";"includes/cache/MessageCache.php";"182"
"MediaWiki";"1.28.0";"CVE-2017-0368";"includes/cache/MessageCache.php";"189"
"MediaWiki";"1.28.0";"CVE-2017-0368";"includes/parser/CoreTagHooks.php";"87"
"MediaWiki";"1.28.0";"CVE-2017-0368";"includes/OutputPage.php";"1535"
"MediaWiki";"1.28.0";"CVE-2017-0368";"includes/OutputPage.php";"1545"
"MediaWiki";"1.28.0";"CVE-2017-0368";"includes/OutputPage.php";"1547"
"Magento";"2.0.5";"CVE-2018-5301";"app/code/Magento/Customer/Controller/Address/Delete.php";"18"
"Magento";"2.0.5";"CVE-2016-6485";"lib/internal/Magento/Framework/Encryption/Crypt.php";"78"
"Magento";"2.0.5";"CVE-2016-4010";"lib/internal/Magento/Framework/Model/ResourceModel/AbstractResource.php";"136"
"Magento";"2.0.5";"CVE-2016-4010";"lib/internal/Magento/Framework/Model/ResourceModel/AbstractResource.php";"141"
"Magento";"2.0.5";"CVE-2016-4010";"lib/internal/Magento/Framework/Model/ResourceModel/AbstractResource.php";"161"
"Magento";"1.9.0";"CVE-2016-2212";"app/code/core/Mage/Rss/Helper/Order.php";"93"
"Magento";"1.9.0";"CVE-2016-2212";"app/code/core/Mage/Rss/Helper/Order.php";"94"
"Magento";"1.9.0";"CVE-2016-2212";"app/code/core/Mage/Rss/Helper/Order.php";"95"
"Magento";"1.9.0";"CVE-2016-2212";"app/code/core/Mage/Rss/Helper/Order.php";"96"
"Magento";"1.9.0";"CVE-2015-8707";"app/code/core/Mage/Customer/controllers/AccountController.php";"797"
"Magento";"1.9.0";"CVE-2015-8707";"app/code/core/Mage/Customer/controllers/AccountController.php";"798"
"Magento";"1.9.0";"CVE-2015-8707";"app/code/core/Mage/Customer/controllers/AccountController.php";"799"
"Magento";"1.9.0";"CVE-2015-8707";"app/code/core/Mage/Customer/controllers/AccountController.php";"814"
"Magento";"1.9.0";"CVE-2015-8707";"app/code/core/Mage/Customer/controllers/AccountController.php";"815"
"Magento";"1.9.0";"CVE-2015-8707";"app/code/core/Mage/Customer/controllers/AccountController.php";"816"
"Magento";"1.9.0";"CVE-2015-8707";"app/design/frontend/base/default/template/customer/form/resetforgottenpassword.phtml";"31"
"Magento";"1.9.0";"CVE-2015-8707";"app/design/frontend/rwd/default/template/customer/form/resetforgottenpassword.phtml";"31"
"Magento";"1.9.0";"CVE-2015-1399";"app/code/core/Mage/Admin/Model/Observer.php";"72"
"Magento";"1.9.0";"CVE-2015-1398";"app/code/core/Mage/Oauth/controllers/Adminhtml/Oauth/AuthorizeController.php";"58"
"Magento";"1.9.0";"CVE-2015-1398";"app/code/core/Mage/XmlConnect/Model/Observer.php";"146"
"Magento";"1.9.0";"CVE-2015-1398";"app/code/core/Mage/XmlConnect/Model/Observer.php";"163"
"Magento";"1.9.0";"CVE-2015-1397";"lib/Varien/Db/Adapter/Pdo/Mysql.php";"2837"
"Magento";"1.9.0";"CVE-2015-1397";"lib/Varien/Db/Adapter/Pdo/Mysql.php";"2838"
"Magento";"1.9.0";"CVE-2015-1397";"lib/Varien/Db/Adapter/Pdo/Mysql.php";"2839"
"Wordpress";"3.9";"CVE-2014-5203";"wp-includes/class-wp-customize-widgets.php";"1174"
"Wordpress";"3.9";"CVE-2014-5203";"wp-includes/class-wp-customize-widgets.php";"1175"
"Wordpress";"3.9";"CVE-2014-5203";"wp-includes/class-wp-customize-widgets.php";"1176"
"Wordpress";"3.9";"CVE-2014-5203";"wp-includes/class-wp-customize-widgets.php";"1197"
"Wordpress";"4.0";"CVE-2015-2213";"wp-includes/post.php";"2893"
"Wordpress";"4.0";"CVE-2015-2213";"wp-includes/post.php";"2894"
"Wordpress";"4.7.1";"CVE-2017-5611";"wp-includes/class-wp-query.php";"2258"
"Wordpress";"4.7.1";"CVE-2017-5611";"wp-includes/class-wp-query.php";"2261"
"Wordpress";"4.7.1";"CVE-2017-5611";"wp-includes/class-wp-query.php";"2263"
"Wordpress";"4.0";"CVE-2017-14723";"wp-includes/wp-db.php";"1166"
"Wordpress";"4.7.1";"CVE-2017-16510";"wp-includes/meta.php";"369"
"Wordpress";"4.7.1";"CVE-2017-16510";"wp-includes/meta.php";"372"
"Wordpress";"4.7.1";"CVE-2017-16510";"wp-includes/post.php";"4244"
"Wordpress";"4.7.1";"CVE-2017-16510";"wp-includes/post.php";"4247"
"Wordpress";"4.7.1";"CVE-2017-16510";"wp-includes/wp-db.php";"1171"
"Wordpress";"4.7.1";"CVE-2017-16510";"wp-includes/wp-db.php";"1173"
"Wordpress";"4.7.1";"CVE-2017-16510";"wp-includes/wp-db.php";"1184"
"Wordpress";"4.7.1";"CVE-2017-16510";"wp-includes/wp-db.php";"1307"
"Wordpress";"4.7.1";"CVE-2017-16510";"wp-includes/wp-db.php";"1308"
"Wordpress";"4.7.1";"CVE-2017-16510";"wp-includes/wp-db.php";"1310"
"Wordpress";"3.9";"CVE-2014-5204";"wp-includes/pluggable.php";"650"
"Wordpress";"3.9";"CVE-2014-5204";"wp-includes/pluggable.php";"1661"
"Wordpress";"3.9";"CVE-2014-5204";"wp-includes/pluggable.php";"1664"
"Wordpress";"3.9";"CVE-2014-5205";"wp-includes/pluggable.php";"1661"
"Wordpress";"3.9";"CVE-2014-5205";"wp-includes/pluggable.php";"1664"
"Wordpress";"4.0";"CVE-2014-9033";"wp-login.php";"573"
"Wordpress";"4.0";"CVE-2014-9037";"wp-includes/class-phpass.php";"217"
"Wordpress";"4.0";"CVE-2014-9037";"wp-includes/class-phpass.php";"252"
"Wordpress";"4.2.3";"CVE-2015-5731";"wp-admin/includes/post.php";"1545"
"Wordpress";"4.2.3";"CVE-2015-5731";"wp-admin/post.php";"163"
"Wordpress";"4.0";"CVE-2016-6635";"wp-admin/includes/ajax-actions.php";"194"
"Wordpress";"4.0";"CVE-2016-6635";"wp-admin/includes/ajax-actions.php";"196"
"Wordpress";"4.0";"CVE-2016-6635";"wp-admin/includes/template.php";"1732"
"Wordpress";"4.7";"CVE-2017-5492";"wp-admin/includes/class-wp-screen.php";"918"
"Wordpress";"4.7";"CVE-2017-5492";"wp-admin/widgets.php";"25"
"Wordpress";"4.7";"CVE-2017-9064";"wp-admin/includes/file.php";"1095"
"Wordpress";"4.7";"CVE-2017-9064";"wp-admin/includes/file.php";"1096"
"Wordpress";"4.7";"CVE-2017-9064";"wp-admin/includes/file.php";"1097"
"Wordpress";"4.7";"CVE-2017-9064";"wp-admin/includes/file.php";"1100"
"Wordpress";"4.7";"CVE-2017-9064";"wp-admin/includes/file.php";"1101"
"Wordpress";"4.7";"CVE-2017-9064";"wp-admin/includes/file.php";"1118"
"Wordpress";"4.7";"CVE-2017-9064";"wp-admin/includes/file.php";"1119"
"Wordpress";"4.7";"CVE-2017-9064";"wp-admin/includes/file.php";"1125"
"Wordpress";"4.7";"CVE-2017-9064";"wp-admin/includes/file.php";"1129"
"Wordpress";"4.6";"CVE-2016-7169";"wp-admin/includes/class-file-upload-upgrader.php";"103"
"Wordpress";"4.6";"CVE-2017-17091";"wp-admin/user-new.php";"73"
"Wordpress";"3.9";"CVE-2018-12895";"wp-includes/post.php";"4686"
"Wordpress";"3.9";"CVE-2018-12895";"wp-includes/post.php";"4687"
"Wordpress";"3.9";"CVE-2018-12895";"wp-includes/post.php";"4694"
"Wordpress";"3.9";"CVE-2018-12895";"wp-includes/post.php";"4695"
"Wordpress";"3.9";"CVE-2018-12895";"wp-includes/post.php";"4702"
"Wordpress";"3.9";"CVE-2018-12895";"wp-includes/post.php";"4703"
"Wordpress";"4.7";"CVE-2017-6815";"wp-includes/pluggable.php";"1286"
"Wordpress";"4.7";"CVE-2018-10100";"wp-login.php";"17"
"Wordpress";"4.7";"CVE-2018-10101";"wp-includes/http.php";"533"
"Wordpress";"4.0";"CVE-2014-9038";"wp-includes/http.php";"448"
"Wordpress";"4.0";"CVE-2014-9038";"wp-includes/http.php";"458"
"Wordpress";"4.0";"CVE-2014-9038";"wp-includes/http.php";"476"
"Wordpress";"4.0";"CVE-2014-9038";"wp-includes/http.php";"477"
"Wordpress";"4.7";"CVE-2018-10100";"wp-login.php";"20"
